Wind Speed (avg),Voltage (RMS),Current (RMS),Power,,,,,,,,
2.452580645,0.190597148,0.165529454,0.031549442,,,,,Wind Speed ,Voltage ,Current ,Power
3.585714286,0.105948101,0.162605735,0.017227769,,,,,2.45,0.19,0.16,0.03
4.2490625,1.393568934,0.172744392,0.240731218,,,,,3.58,0.17,0.16,0.01
5.094210526,2.084541316,27.68413817,57.70872983,,,,,4.24,1.3,0.17,0.24
5.6321875,2.667912925,78.79961651,210.2305154,,,,,5.09,2.08,27.68,57.7
6.199,3.156977886,124.4514473,392.890467,,,,,5.63,2.66,78.79,210.23
7.071818182,3.184025067,144.6846614,460.6795885,,,,,6.19,3.15,124.45,392.89
,,,,,,,,7.07,3.18,144.68,460.67
